[{"@type":"mappingTemplate","id":"@1","name":"master_carrier_mapping","description":"Extracts data incrementally from a relational or application source and writes it to an existing target. The Mapping task extracts only new and changed records each time it runs.\n\nThe Mapping task extracts data from the source starting at the last saved timestamp value. The last saved timestamp value is stored in in-out parameter, v_max_value.","bundleVersion":"0","templateId":"@3","deployTime":1620631455000,"hasParameters":true,"valid":true,"fixedConnection":false,"hasParametersDeployed":true,"fixedConnectionDeployed":false,"tasks":1,"mappingPreviewFileRecordId":"@2","documentType":"","references":[]}]