[{"@type":"mtTask","id":"@1","name":"master_carrier_task","description":"","runtimeEnvironmentId":"@cmJsLQ32am6fdIt42qjGOx","maxLogs":10,"scheduleId":"@2","verbose":false,"lastRunTime":1620878716000,"mappingId":"@8vyllIofz87hhE5HSnLJuy","shortDescription":"","sessionPropertiesList":[],"enableCrossSchemaPushdown":true,"enableParallelRun":false,"autoTunedApplied":false,"autoTunedAppliedType":"NONE","paramFileType":"PARAM_FILE_LOCAL","schemaMode":"async","parameterFileEncoding":"UTF-8","serverlessProperties":{},"taskProperties":[{"@type":"taskProperty","name":"parameterFileDir","currentValue":"","type":"STRING","label":"label.parameterFileDir","required":false},{"@type":"taskProperty","name":"parameterFileName","currentValue":"","type":"STRING","label":"label.parameterFileName","required":false}],"parameters":[{"@type":"mtTaskParameter","id":2480116,"name":"$src$","type":"EXTENDED_SOURCE","label":"Source (p_src_conn)","description":"Select the source connection or create a new connection.","uiProperties":{"connectionParameterized":"true","logcnx":"p_src_conn","isMsrcFilterParameterized":"true","isMsrcSortParameterized":"false","msrcFilterDefault":"modified_date > CONCAT('''' , $$v_max_value , '''')","msrcFilterParamDesc":"Edit the source filter to extract data after the last saved timestamp value. Default value is [timestamp field] > $$v_max_value.\\n\\nReplace [timestamp field] with the source timestamp field. Optionally, you can enter other filter conditions.\\n\\nNote: You might have to convert the timestamp parameter value to the appropriate string format. For example:\\n\\u2022 MySQL table source: [timestamp field] > TO_DATE(\\u2018$$v_max_value\\u2019, \\u2018YYYY-MM-DD HH24:MI:SS\\u2019)\\n\\u2022 Salesforce object source: LastModifiedDate > $$v_max_value","objlabel":"Source","objectParameterized":"true","objDesc":"Select the object that you want to read data from."},"sourceConnectionId":"@4I25Ve9M2Wtd0E0ONUKDmk","newFlatFile":false,"newObject":false,"showBusinessNames":true,"naturalOrder":true,"truncateTarget":false,"bulkApiDBTarget":false,"customFuncCfg":{"@type":"customFuncConfig","id":-1,"connections":[],"inputMap":[],"outputFields":[]},"tgtFieldRefs":{},"targetUpdateColumns":[],"extendedObject":{"@type":"extendedObject","object":{"@type":"mObject","name":"master/TABLE/carrier","label":"carrier","metadataUpdated":false,"relations":[],"children":[]},"advancedFilterExpression":" carrier.modified_date > $$v_max_value","filters":[],"sortFields":[]},"runtimeAttrs":{},"isRESTModernSource":true,"isFileList":false,"handleSpecialChars":false,"frsAsset":false,"dynamicFileName":false,"currentlyProcessedFileName":false,"tgtObjectAttributes":{},"runtimeParameterData":{"@type":"mtTaskRuntimeParameterData","isConnectionRuntimeParameter":false,"isObjectRuntimeParameter":false,"connectionParameterName":"p_src_conn","objectParameterName":"p_src_object"},"overriddenFields":[]},{"@type":"mtTaskParameter","id":2480117,"name":"$tgt$","type":"TARGET","label":"Target (p_tgt_conn)","description":"Select the target connection or create a new connection.\\n\\nThe target connection can be the same as the source connection.","uiProperties":{"connectionParameterized":"true","logcnx":"p_tgt_conn","objlabel":"Target","objectParameterized":"true","objDesc":"Select the object that you want to load data to.\\n\\nSelect the target operation. You have the following options:\\n\\n1. Keep previously loaded data in the target (default).  Disable the Truncate Table option, and select one of the following operations:\\na. If the timestamp field represents the created date for the record, select Insert.  \\nb. If the timestamp field represents the last modified date for the record, select Upsert and configure the update columns.\\n\\n2. Keep only the current data. Select the Insert operation and enable the Truncate Table option.\\n\\n3. Fully reload the target. Select the Insert operation, enable the Truncate Table option, and reset or edit the value of in-out parameter, v_max_value.\\n\\nIf the target is a file target, the Mapping task re-loads the file each time it runs.","defaultTargetUpdateColumns":"","fieldMappingParameterized":"true"},"targetConnectionId":"@0UR3hbV2pI2eBgoe2BRvgR","targetObject":"STAGING_INCREMENTAL/T4_POSTGRES/CITUS_MASTER_CARRIERS","targetObjectLabel":"CITUS_MASTER_CARRIERS","newFlatFile":false,"newObject":false,"showBusinessNames":true,"naturalOrder":true,"truncateTarget":false,"bulkApiDBTarget":false,"operationType":"Upsert","customFuncCfg":{"@type":"customFuncConfig","id":-1,"connections":[],"inputMap":[],"outputFields":[]},"tgtFieldRefs":{},"targetUpdateColumns":["code"],"extendedObject":{"@type":"extendedObject","filters":[],"sortFields":[]},"runtimeAttrs":{"Truncate Target Table":"NO","UpdateMode":"Update Else Insert"},"isRESTModernSource":true,"isFileList":false,"handleSpecialChars":false,"frsAsset":false,"dynamicFileName":false,"currentlyProcessedFileName":false,"tgtObjectAttributes":{},"runtimeParameterData":{"@type":"mtTaskRuntimeParameterData","isConnectionRuntimeParameter":false,"isObjectRuntimeParameter":false,"connectionParameterName":"p_tgt_conn","objectParameterName":"p_tgt_object"},"overriddenFields":[]},{"@type":"mtTaskParameter","id":2480118,"name":"$tgt_dummy$","type":"TARGET","label":"Dummy Target (p_tgt_conn_dummy)","description":"Select the connection for the dummy target or create a new connection.\\n\\nThe connection for the dummy target can be the same as the source or target connection.\\n\\nNote: Both dummy target connection and dummy object are required for mapping design only. No data is written to the dummy target.","uiProperties":{"connectionParameterized":"true","logcnx":"p_tgt_conn_dummy","objlabel":"Dummy Target","objectParameterized":"true","objDesc":"Select the dummy target object. It can be the same as the target object.  Do not select \\'Truncate Target\\'.\\n\\nNote: No data is written to the dummy target.","defaultTargetUpdateColumns":"","fieldMappingParameterized":"true"},"targetConnectionId":"@0UR3hbV2pI2eBgoe2BRvgR","targetObject":"STAGING_INCREMENTAL/T4_POSTGRES/CITUS_MASTER_CARRIERS","targetObjectLabel":"CITUS_MASTER_CARRIERS","newFlatFile":false,"newObject":false,"showBusinessNames":true,"naturalOrder":true,"truncateTarget":false,"bulkApiDBTarget":false,"operationType":"Upsert","customFuncCfg":{"@type":"customFuncConfig","id":-1,"connections":[],"inputMap":[],"outputFields":[]},"tgtFieldRefs":{},"targetUpdateColumns":["code"],"extendedObject":{"@type":"extendedObject","filters":[],"sortFields":[]},"runtimeAttrs":{"Truncate Target Table":"NO","UpdateMode":"Update Else Insert"},"isRESTModernSource":true,"isFileList":false,"handleSpecialChars":false,"frsAsset":false,"dynamicFileName":false,"currentlyProcessedFileName":false,"tgtObjectAttributes":{},"runtimeParameterData":{"@type":"mtTaskRuntimeParameterData","isConnectionRuntimeParameter":false,"isObjectRuntimeParameter":false,"connectionParameterName":"p_tgt_conn_dummy","objectParameterName":"p_tgt_object_dummy"},"overriddenFields":[]},{"@type":"mtTaskParameter","id":2480119,"name":"$p_cdc_field$","type":"STRING","text":"TO_CHAR(modified_date,'YYYY-MM-DD')","label":"Convert Timestamp Field to String (p_cdc_field)","description":"Edit the expression that converts the timestamp value to a string. Default value is TO_CHAR([timestamp field], [datetime format]).\\n\\nReplace [timestamp field] with the source timestamp field and [datetime format] with the datetime format used in the source. The string format should match the format used in the source filter.\\n\\nFor example:\\n\\u2022 MySQL table source: TO_CHAR(<source timestamp field >, \\u2018YYYY-MM-DD HH24:MI:SS\\u2019)\\n\\u2022 Salesforce object source: SUBSTR(TO_CHAR(LastModifiedDate, \\'YYYY-MM-DD hh:mi:ss\\'), 1, 10)||\\'T\\'||SUBSTR(TO_CHAR(LastModifiedDate, \\'YYYY-MM-DD hh:mi:ss\\'), 12, 8)||\\'Z\\'","uiProperties":{"default":"TO_CHAR(modified_date, 'YYYY-MM-DD')","paramtype":"Expression","aggregate":"false","varFuncExpr":"true","udf":"true"},"newFlatFile":false,"newObject":false,"showBusinessNames":true,"naturalOrder":true,"truncateTarget":false,"bulkApiDBTarget":false,"customFuncCfg":{"@type":"customFuncConfig","id":-1,"connections":[],"inputMap":[],"outputFields":[]},"tgtFieldRefs":{},"targetUpdateColumns":[],"runtimeAttrs":{},"isRESTModernSource":true,"isFileList":false,"handleSpecialChars":false,"frsAsset":false,"dynamicFileName":false,"currentlyProcessedFileName":false,"tgtObjectAttributes":{},"runtimeParameterData":{"@type":"mtTaskRuntimeParameterData","isConnectionRuntimeParameter":false,"isObjectRuntimeParameter":false},"overriddenFields":[]},{"@type":"mtTaskParameter","id":2480120,"name":"$p_field_map$","type":"STRING","text":"string (10, 0) code=code;string (60, 0) name=name;string (30, 0) abbr=abbr;string (1, 0) active_ref=active_ref;string (10, 0) mode_ref=mode_ref;string (30, 0) interface=interface;string (38, 9) created_date=created_date;string (30, 0) created_by=created_by;string (38, 9) modified_date=modified_date;string (30, 0) modified_by=modified_by;string (200, 0) email=email;string (10, 0) carrier_type_ref=carrier_type_ref;string (10, 0) carrier_type=carrier_type;string (50, 0) remittance_advice_interface=remittance_advice_interface;string (30, 0) electronic_claims_process=electronic_claims_process;string (2, 0) data_entry_group=data_entry_group;string (10, 0) address_validation_tool_id=address_validation_tool_id;string (19, 0) profile_id=profile_id;string (4, 0) carrier_group_code=carrier_group_code;string (60, 0) notes=notes;string (19, 0) charge_profile_id=charge_profile_id;string (19, 0) service_profile_id=service_profile_id;","label":"Target Field Map (p_field_map)","description":"Map incoming fields on the left to target fields on the right.","uiProperties":{"paramtype":"Fieldmap","supressFieldmappingSuffix":"true","lefttitle":"Incoming Fields","righttitle":"Target Fields"},"newFlatFile":false,"newObject":false,"showBusinessNames":true,"naturalOrder":true,"truncateTarget":false,"bulkApiDBTarget":false,"customFuncCfg":{"@type":"customFuncConfig","id":-1,"connections":[],"inputMap":[],"outputFields":[]},"tgtFieldRefs":{},"targetUpdateColumns":[],"runtimeAttrs":{},"isRESTModernSource":true,"isFileList":false,"handleSpecialChars":false,"frsAsset":false,"dynamicFileName":false,"currentlyProcessedFileName":false,"tgtObjectAttributes":{},"runtimeParameterData":{"@type":"mtTaskRuntimeParameterData","isConnectionRuntimeParameter":false,"isObjectRuntimeParameter":false},"overriddenFields":[]},{"@type":"mtTaskParameter","id":2480121,"name":"$p_field_map_dummy$","type":"STRING","text":"string (38, 9) modified_date=INOUT_infa_max_value;","label":"Dummy Field Map (p_field_map_dummy)","description":"Map \\'INOUT_infa_max_value\\' incoming field that contains in-out parameter, v_max_value, to a field in the dummy target. \\n\\nYou must map this field to a dummy target field so that the parameter value is calculated correctly.\\n\\nNote: No data is written to the dummy target.","uiProperties":{"paramtype":"Fieldmap","supressFieldmappingSuffix":"true","lefttitle":"Incoming Fields","righttitle":"Target Fields"},"newFlatFile":false,"newObject":false,"showBusinessNames":true,"naturalOrder":true,"truncateTarget":false,"bulkApiDBTarget":false,"customFuncCfg":{"@type":"customFuncConfig","id":-1,"connections":[],"inputMap":[],"outputFields":[]},"tgtFieldRefs":{},"targetUpdateColumns":[],"runtimeAttrs":{},"isRESTModernSource":true,"isFileList":false,"handleSpecialChars":false,"frsAsset":false,"dynamicFileName":false,"currentlyProcessedFileName":false,"tgtObjectAttributes":{},"runtimeParameterData":{"@type":"mtTaskRuntimeParameterData","isConnectionRuntimeParameter":false,"isObjectRuntimeParameter":false},"overriddenFields":[]}],"sequences":[],"inOutParameters":[{"@type":"mtTaskInOutParameter","id":"-1","name":"v_max_value","description":"Salesforce datetime fields: YYYY-MM-DDThh:mm:ssZ (2016-01-01T23:01:01Z)\nSAP date fields: YYYYMMDD (20160101)","initialValue":"'1900-01-01'","datatype":"STRING","precision":"255","scale":"0","retentionPolicy":"ON_SUCCESS","aggregationType":"MAX","currentValue":"'2021-05-12'"}],"connRuntimeAttrs":[]}]