[{"@type":"mappingTemplate","id":"@1","name":"CITUS_MASTER_CARRIERS_MAPPING","description":"Extracts data incrementally from a relational or application source and writes it to a dynamically created target. The Mapping task extracts only new and changed records each time it runs.\n\nThe Mapping task extracts data from the source starting at the last saved timestamp value. The last saved timestamp value is stored in in-out parameter, v_max_value.\n\nIf you create a relational target, the Mapping task inserts data into the target table the first time it runs. Subsequent runs can load data using update or upsert operations. If you create a flat file target, the Mapping task re-creates the target file each time it runs.","bundleVersion":"0","templateId":"@3","deployTime":1620621694000,"hasParameters":true,"valid":true,"fixedConnection":false,"hasParametersDeployed":true,"fixedConnectionDeployed":false,"tasks":1,"mappingPreviewFileRecordId":"@2","documentType":"","references":[]}]