[{"@type":"mtTask","id":"@1","name":"CITUS_MASTER_CARRIERS_TASK","description":"","runtimeEnvironmentId":"@cmJsLQ32am6fdIt42qjGOx","maxLogs":10,"verbose":false,"mappingId":"@g9ZYR9muVojiz5KwD94UyM","shortDescription":"","sessionPropertiesList":[],"enableCrossSchemaPushdown":true,"enableParallelRun":false,"autoTunedApplied":false,"autoTunedAppliedType":"NONE","paramFileType":"PARAM_FILE_LOCAL","schemaMode":"async","parameterFileEncoding":"UTF-8","serverlessProperties":{},"taskProperties":[{"@type":"taskProperty","name":"parameterFileDir","currentValue":"","type":"STRING","label":"label.parameterFileDir","required":false},{"@type":"taskProperty","name":"parameterFileName","currentValue":"","type":"STRING","label":"label.parameterFileName","required":false}],"parameters":[{"@type":"mtTaskParameter","id":2476281,"name":"$src$","type":"EXTENDED_SOURCE","label":"Source (p_src_conn)","description":"Select the source connection or create a new connection.","uiProperties":{"connectionParameterized":"true","logcnx":"p_src_conn","isMsrcFilterParameterized":"true","isMsrcSortParameterized":"false","msrcFilterDefault":"[timestamp field] > TO_TIMESTAMP( $$v_max_value,'YYYY-MM-DD HH:MM:SS')","msrcFilterParamDesc":"Edit the source filter to extract data after the last saved timestamp value. Default value is [timestamp field] > $$v_max_value.\\n\\nReplace [timestamp field] with the source timestamp field. Optionally, you can enter other filter conditions.\\n\\nNote: You might have to convert the timestamp parameter value to the appropriate string format. For example:\\n\\u2022 MySQL table source: [timestamp field] > TO_DATE(\\u2018$$v_max_value\\u2019, \\u2018YYYY-MM-DD HH24:MI:SS\\u2019)\\n\\u2022 Salesforce object source: LastModifiedDate > $$v_max_value","objlabel":"Source","objectParameterized":"true","objDesc":"Select the object that you want to read data from."},"sourceConnectionId":"@4I25Ve9M2Wtd0E0ONUKDmk","newFlatFile":false,"newObject":false,"showBusinessNames":true,"naturalOrder":true,"truncateTarget":false,"bulkApiDBTarget":false,"customFuncCfg":{"@type":"customFuncConfig","id":-1,"connections":[],"inputMap":[],"outputFields":[]},"tgtFieldRefs":{},"targetUpdateColumns":[],"extendedObject":{"@type":"extendedObject","object":{"@type":"mObject","name":"master/TABLE/carrier","label":"carrier","metadataUpdated":false,"relations":[],"children":[]},"advancedFilterExpression":"[timestamp field] > $$v_max_value","filters":[],"sortFields":[]},"runtimeAttrs":{},"isRESTModernSource":true,"isFileList":false,"handleSpecialChars":false,"frsAsset":false,"dynamicFileName":false,"currentlyProcessedFileName":false,"tgtObjectAttributes":{},"runtimeParameterData":{"@type":"mtTaskRuntimeParameterData","isConnectionRuntimeParameter":false,"isObjectRuntimeParameter":false,"connectionParameterName":"p_src_conn","objectParameterName":"p_src_object"},"overriddenFields":[]},{"@type":"mtTaskParameter","id":2476282,"name":"$tgt$","type":"TARGET","label":"Target (p_tgt_conn)","description":"Select the target connection or create a new connection.\\n\\nThe target connection can be the same as the source connection.","uiProperties":{"connectionParameterized":"true","logcnx":"p_tgt_conn","objlabel":"Target","objectParameterized":"true","objDesc":"Select the object that you want to load data to. Click Create Target to create the target object the first time the Mapping task runs.\\n\\nIf the target is a relational target, the Mapping task inserts data into the target table the first time it runs. For subsequent runs, you have the following options:\\n\\n1. Keep previously loaded data in the target (default).  Disable the Truncate Table option, and select one of the following operations:\\na. If the timestamp field represents the created date for the record, select Insert.  \\nb. If the timestamp field represents the last modified date for the record, select Upsert and configure the update columns.\\n\\n2. Keep only the current data. Select the Insert operation and enable the Truncate Table option.\\n\\n3. Fully reload the target. Select the Insert operation, enable the Truncate Table option, and reset or edit the value of in-out parameter, v_max_value.\\n\\nIf the target is a file target, the Mapping task re-creates the file each time it runs.","defaultTargetUpdateColumns":""},"targetConnectionId":"@0UR3hbV2pI2eBgoe2BRvgR","targetObject":"STAGING_INCREMENTAL/T4_POSTGRES/CITUS_MASTER_CARRIERS","targetObjectLabel":"CITUS_MASTER_CARRIERS","newFlatFile":false,"newObject":false,"showBusinessNames":true,"naturalOrder":true,"truncateTarget":false,"bulkApiDBTarget":false,"operationType":"Upsert","customFuncCfg":{"@type":"customFuncConfig","id":-1,"connections":[],"inputMap":[],"outputFields":[]},"tgtFieldRefs":{},"targetUpdateColumns":["code"],"extendedObject":{"@type":"extendedObject","filters":[],"sortFields":[]},"runtimeAttrs":{"Truncate Target Table":"NO","UpdateMode":"Update Else Insert"},"isRESTModernSource":true,"isFileList":false,"handleSpecialChars":false,"frsAsset":false,"dynamicFileName":false,"currentlyProcessedFileName":false,"tgtObjectAttributes":{},"runtimeParameterData":{"@type":"mtTaskRuntimeParameterData","isConnectionRuntimeParameter":false,"isObjectRuntimeParameter":false,"connectionParameterName":"p_tgt_conn","objectParameterName":"p_tgt_object"},"overriddenFields":[]},{"@type":"mtTaskParameter","id":2476283,"name":"$p_cdc_field$","type":"STRING","text":"SESSSTARTTIME>=modified_date","label":"Convert Timestamp Field to String (p_cdc_field)","description":"Edit the expression that converts the timestamp value to a string. Default value is TO_CHAR([timestamp field], [datetime format]).\\n\\nReplace [timestamp field] with the source timestamp field and [datetime format] with the datetime format used in the source. The string format should match the format used in the source filter.\\n\\nFor example:\\n\\u2022 MySQL table source: TO_CHAR(<source timestamp field >, \\u2018YYYY-MM-DD HH24:MI:SS\\u2019)\\n\\u2022 Salesforce object source: SUBSTR(TO_CHAR(LastModifiedDate, \\'YYYY-MM-DD hh:mi:ss\\'), 1, 10)||\\'T\\'||SUBSTR(TO_CHAR(LastModifiedDate, \\'YYYY-MM-DD hh:mi:ss\\'), 12, 8)||\\'Z\\'","uiProperties":{"default":"TO_CHAR([timestamp field], [datetime format])","paramtype":"Expression","aggregate":"false","varFuncExpr":"true","udf":"true"},"newFlatFile":false,"newObject":false,"showBusinessNames":true,"naturalOrder":true,"truncateTarget":false,"bulkApiDBTarget":false,"customFuncCfg":{"@type":"customFuncConfig","id":-1,"connections":[],"inputMap":[],"outputFields":[]},"tgtFieldRefs":{},"targetUpdateColumns":[],"runtimeAttrs":{},"isRESTModernSource":true,"isFileList":false,"handleSpecialChars":false,"frsAsset":false,"dynamicFileName":false,"currentlyProcessedFileName":false,"tgtObjectAttributes":{},"runtimeParameterData":{"@type":"mtTaskRuntimeParameterData","isConnectionRuntimeParameter":false,"isObjectRuntimeParameter":false},"overriddenFields":[]},{"@type":"mtTaskParameter","id":2476284,"name":"$p_exp_fields$","type":"STRING","text":"","label":"Optional Expression Fields (p_exp_fields)","description":"Optionally, create expressions that add fields to the target. For example, you might want to add a system timestamp field to each replicated record in the target. \\n\\nUse the built-in functions to create one or more expressions.\\n\\nIf you do not want to add additional fields, do not enter expressions here.","uiProperties":{"paramtype":"ExpressionEditor","caption":"Expressions","required":"false","templateData":"$p_exp_fields$","default":"$p_exp_fields$"},"newFlatFile":false,"newObject":false,"showBusinessNames":true,"naturalOrder":true,"truncateTarget":false,"bulkApiDBTarget":false,"customFuncCfg":{"@type":"customFuncConfig","id":-1,"connections":[],"inputMap":[],"outputFields":[]},"tgtFieldRefs":{},"targetUpdateColumns":[],"runtimeAttrs":{},"isRESTModernSource":true,"isFileList":false,"handleSpecialChars":false,"frsAsset":false,"dynamicFileName":false,"currentlyProcessedFileName":false,"tgtObjectAttributes":{},"runtimeParameterData":{"@type":"mtTaskRuntimeParameterData","isConnectionRuntimeParameter":false,"isObjectRuntimeParameter":false},"overriddenFields":[]}],"sequences":[],"inOutParameters":[{"@type":"mtTaskInOutParameter","id":"-1","name":"v_max_value","description":"Salesforce datetime fields: YYYY-MM-DDThh:mm:ssZ (2016-01-01T23:01:01Z)\nSAP date fields: YYYYMMDD (20160101)","initialValue":"1900-01-01 00:00:00","datatype":"STRING","precision":"255","scale":"0","retentionPolicy":"ON_SUCCESS","aggregationType":"MAX","currentValue":""}],"connRuntimeAttrs":[]}]