[{"@type":"mappingTemplate","id":"@1","name":"CITUS_CARRIER_INVOICE_SHIPMENT_INVOICE_DETAILS_MAPPING","description":"","bundleVersion":"0","templateId":"@3","deployTime":1619767319000,"hasParameters":false,"valid":true,"fixedConnection":true,"hasParametersDeployed":false,"fixedConnectionDeployed":true,"tasks":0,"mappingPreviewFileRecordId":"@2","documentType":"MAPPING","references":[{"@type":"reference","refObjectId":"@4I25Ve9M2Wtd0E0ONUKDmk","refType":"connection"},{"@type":"reference","refObjectId":"@0UR3hbV2pI2eBgoe2BRvgR","refType":"connection"}]}]