[{"@type":"mappingTemplate","id":"@1","name":"CITUS_MASTER_CLIENTS_MAPPING","description":"","bundleVersion":"0","templateId":"@3","deployTime":1618912600000,"hasParameters":false,"valid":true,"fixedConnection":true,"hasParametersDeployed":false,"fixedConnectionDeployed":true,"tasks":0,"mappingPreviewFileRecordId":"@2","documentType":"MAPPING","references":[{"@type":"reference","refObjectId":"@0UR3hbV2pI2eBgoe2BRvgR","refType":"connection"},{"@type":"reference","refObjectId":"@4I25Ve9M2Wtd0E0ONUKDmk","refType":"connection"}]}]