[{"@type":"mtTask","id":"@1","name":"Increment load through task","description":"","runtimeEnvironmentId":"@cmJsLQ32am6fdIt42qjGOx","maxLogs":10,"verbose":false,"lastRunTime":1620281405000,"mappingId":"@7LfiLLdAxYAgQjBKMCi6yu","shortDescription":"","sessionPropertiesList":[],"enableCrossSchemaPushdown":true,"enableParallelRun":false,"autoTunedApplied":false,"autoTunedAppliedType":"NONE","paramFileType":"PARAM_FILE_LOCAL","schemaMode":"async","parameterFileEncoding":"UTF-8","serverlessProperties":{},"taskProperties":[{"@type":"taskProperty","name":"parameterFileDir","currentValue":"","type":"STRING","label":"label.parameterFileDir","required":false},{"@type":"taskProperty","name":"parameterFileName","currentValue":"","type":"STRING","label":"label.parameterFileName","required":false}],"parameters":[{"@type":"mtTaskParameter","id":2467593,"name":"$src$","type":"EXTENDED_SOURCE","label":"Source (p_src_conn)","description":"Select the Oracle database connection or create a new connection.","uiProperties":{"cnxtype":"Relational Database","connectionParameterized":"true","logcnx":"p_src_conn","isMsrcFilterParameterized":"false","isMsrcSortParameterized":"false","objlabel":"Source","objectParameterized":"true","objDesc":"Select the Oracle table or view that you want to read data from.","isAdvFilterPartialParam":"true"},"sourceConnectionId":"@7kEebrnHP0He7aAqfONZEf","newFlatFile":false,"newObject":false,"showBusinessNames":true,"naturalOrder":true,"truncateTarget":false,"bulkApiDBTarget":false,"customFuncCfg":{"@type":"customFuncConfig","id":-1,"connections":[],"inputMap":[],"outputFields":[]},"tgtFieldRefs":{},"targetUpdateColumns":[],"extendedObject":{"@type":"extendedObject","object":{"@type":"mObject","name":"INVOICE_HEADERS","label":"INVOICE_HEADERS","metadataUpdated":false,"relations":[],"children":[]},"advancedFilterExpression":"$p_cdc_field$ >  TO_TIMESTAMP('$$v_max_value', 'yyyy-mm-dd hh24:mi:ss.FF')","filters":[],"sortFields":[]},"runtimeAttrs":{},"isRESTModernSource":true,"isFileList":false,"handleSpecialChars":false,"frsAsset":false,"dynamicFileName":false,"currentlyProcessedFileName":false,"tgtObjectAttributes":{},"runtimeParameterData":{"@type":"mtTaskRuntimeParameterData","isConnectionRuntimeParameter":false,"isObjectRuntimeParameter":false,"connectionParameterName":"p_src_conn","objectParameterName":"p_src_object"},"overriddenFields":[]},{"@type":"mtTaskParameter","id":2467594,"name":"$tgt$","type":"TARGET","label":"tgt","uiProperties":{"connectionParameterized":"false","objectParameterized":"false","visible":"false","defaultTargetUpdateColumns":""},"targetConnectionId":"@0UR3hbV2pI2eBgoe2BRvgR","targetObject":"STAGING_INCREMENTAL/T2_ORACLE/Invoice_Test_Demo","targetObjectLabel":"STAGING_INCREMENTAL/T2_ORACLE/Invoice_Test_Demo","newFlatFile":false,"newObject":true,"showBusinessNames":false,"naturalOrder":true,"newObjectName":"STAGING_INCREMENTAL/T2_ORACLE/Invoice_Test_Demo","truncateTarget":false,"bulkApiDBTarget":false,"operationType":"Insert","customFuncCfg":{"@type":"customFuncConfig","id":-1,"connections":[],"inputMap":[],"outputFields":[]},"tgtFieldRefs":{},"targetUpdateColumns":[],"extendedObject":{"@type":"extendedObject","filters":[],"sortFields":[]},"runtimeAttrs":{},"isRESTModernSource":true,"isFileList":false,"handleSpecialChars":false,"frsAsset":false,"dynamicFileName":false,"currentlyProcessedFileName":false,"tgtObjectAttributes":{"parent":"STAGING_INCREMENTAL/T2_ORACLE","tableType":""},"runtimeParameterData":{"@type":"mtTaskRuntimeParameterData","isConnectionRuntimeParameter":false,"isObjectRuntimeParameter":false},"overriddenFields":[]},{"@type":"mtTaskParameter","id":2467595,"name":"$p_cdc_field$","type":"STRING","text":"MODIFIED_DATE","label":"Source Timestamp Field (p_cdc_field)","description":"Select the Oracle object timestamp field.","uiProperties":{"paramtype":"Field","leftfs":"domain","partialParamDomain":"$src$"},"newFlatFile":false,"newObject":false,"showBusinessNames":true,"naturalOrder":true,"truncateTarget":false,"bulkApiDBTarget":false,"customFuncCfg":{"@type":"customFuncConfig","id":-1,"connections":[],"inputMap":[],"outputFields":[]},"tgtFieldRefs":{},"targetUpdateColumns":[],"runtimeAttrs":{},"isRESTModernSource":true,"isFileList":false,"handleSpecialChars":false,"frsAsset":false,"dynamicFileName":false,"currentlyProcessedFileName":false,"tgtObjectAttributes":{},"runtimeParameterData":{"@type":"mtTaskRuntimeParameterData","isConnectionRuntimeParameter":false,"isObjectRuntimeParameter":false},"overriddenFields":[]},{"@type":"mtTaskParameter","id":2467596,"name":"$p_exp_fields$","type":"STRING","text":"","label":"Optional Expression Fields (p_exp_fields)","description":"Optionally, create expressions that add fields to the target. For example, you might want to add a system timestamp field to each replicated record in the target. \\n\\nUse the built-in functions to create one or more expressions.\\n\\nIf you do not want to add additional fields, do not enter expressions here.","uiProperties":{"paramtype":"ExpressionEditor","caption":"Expressions","required":"false","templateData":"$p_exp_fields$","default":"$p_exp_fields$"},"newFlatFile":false,"newObject":false,"showBusinessNames":true,"naturalOrder":true,"truncateTarget":false,"bulkApiDBTarget":false,"customFuncCfg":{"@type":"customFuncConfig","id":-1,"connections":[],"inputMap":[],"outputFields":[]},"tgtFieldRefs":{},"targetUpdateColumns":[],"runtimeAttrs":{},"isRESTModernSource":true,"isFileList":false,"handleSpecialChars":false,"frsAsset":false,"dynamicFileName":false,"currentlyProcessedFileName":false,"tgtObjectAttributes":{},"runtimeParameterData":{"@type":"mtTaskRuntimeParameterData","isConnectionRuntimeParameter":false,"isObjectRuntimeParameter":false},"overriddenFields":[]}],"sequences":[],"inOutParameters":[{"@type":"mtTaskInOutParameter","id":"-1","name":"v_max_value","description":"Use '1900-01-01 00:00:00.000000' format (with msecs)","initialValue":"1900-01-01 00:00:00.000000","datatype":"STRING","precision":"60","scale":"0","retentionPolicy":"ON_SUCCESS","aggregationType":"MAX","currentValue":"2021-05-04 20:00:05.000000"}],"connRuntimeAttrs":[]}]