[{"@type":"mtTask","id":"@1","name":"INVOICE_HEADERS","description":"","runtimeEnvironmentId":"@cmJsLQ32am6fdIt42qjGOx","maxLogs":10,"verbose":false,"mappingId":"@0SBlPRhKzx7dVXjhDIkLCb","shortDescription":"","sessionPropertiesList":[],"enableCrossSchemaPushdown":true,"enableParallelRun":false,"autoTunedApplied":false,"autoTunedAppliedType":"NONE","paramFileType":"PARAM_FILE_LOCAL","schemaMode":"async","parameterFileEncoding":"UTF-8","serverlessProperties":{},"taskProperties":[{"@type":"taskProperty","name":"parameterFileDir","currentValue":"","type":"STRING","label":"label.parameterFileDir","required":false},{"@type":"taskProperty","name":"parameterFileName","currentValue":"","type":"STRING","label":"label.parameterFileName","required":false}],"parameters":[{"@type":"mtTaskParameter","id":2470003,"name":"$src$","type":"EXTENDED_SOURCE","label":"Source (p_src_conn)","description":"Select the relational source connection or create a new connection.","uiProperties":{"connectionParameterized":"true","logcnx":"p_src_conn","isMsrcFilterParameterized":"false","isMsrcSortParameterized":"false","objlabel":"Source","objectParameterized":"true","objDesc":"Select the relational table or view that you want to read data from.","isAdvFilterPartialParam":"true"},"sourceConnectionId":"@4I25Ve9M2Wtd0E0ONUKDmk","newFlatFile":false,"newObject":false,"showBusinessNames":true,"naturalOrder":true,"truncateTarget":false,"bulkApiDBTarget":false,"customFuncCfg":{"@type":"customFuncConfig","id":-1,"connections":[],"inputMap":[],"outputFields":[]},"tgtFieldRefs":{},"targetUpdateColumns":[],"extendedObject":{"@type":"extendedObject","advancedFilterExpression":"$p_cdc_field$ > $$v_max_value","filters":[],"sortFields":[]},"runtimeAttrs":{},"isRESTModernSource":true,"customQuery":"SELECT id,\n       edi_control_number,\n       carrier_code,\n       client_code,\n       account_number,\n       inv_status_ref,\n       inv_number,\n       inv_date,\n       inv_amount,\n       currency_ref,\n       data_source_ref,\n       accruing_period,\n       original_inv_number,\n       payment_due_date,\n       payment_terms,\n       gl_status_ref,\n       aud_status_ref,\n       notes,\n       created_date,\n       created_by,\n       modified_date,\n       modified_by,\n       terms_basis_date_code,\n       terms_discount_days_due,\n       terms_net_days,\n       terms_discount_due_date,\n       terms_net_due_date,\n       payment_terms_remarks,\n       pay_set_date,\n       received_date,\n       invoice_due_date,\n       prescan_created_date,\n       payment_terms_job_status,\n       filename,\n       scan_id,\n       image_check_yn,\n       check_number,\n       check_date,\n       trax_invoice,\n       edi_inv_id,\n       stage_trax_invoice,\n       move_adjustments_yn,\n       closed_yn,\n       closed_date,\n       trax_invoice_allocation,\n       inv_ref_attributes::text,\n       event_id,\n       invoice_image_link,\n       pre_data_norm::text,\n       data_norm_fields::text,\n       data_norm_status::text,\n       currency_fields::text,\n       inv_status_modified_by,\n       inv_status_modified_comment,\n       source_id,\n       source_system,\n       dup_check_status::text,\n       process_status::text,\n       process_status_history::text,\n       chargeback_status_ref,\n       inv_prefix,\n       inv_suffix,\n       carrier_scac,\n       tags::text,\n       is_bal_due,\n       is_post_close,\n       pre_close_validation_status,\n       display_scac,\n       first_coding_date,\n       coding_first_pass,\n       last_coding_date,\n       coding_last_pass,\n       correction_indicator,\n       first_audit_time::text,\n       last_audit_time::text,\n       first_audit_status::text,\n       last_audit_status::text,\n       payment_scac,\n       adjusted_amount,\n       approved_amount,\n       credit_note_amount,\n       is_credit_match,\n       matched_inv_id,\n       audit_exception_count::text,\n       calc_miles_status,\n       tax_validation_status,\n       tax_fields::text\nFROM carrier_invoice.invoice_headers ;","isFileList":false,"handleSpecialChars":false,"frsAsset":false,"dynamicFileName":false,"currentlyProcessedFileName":false,"tgtObjectAttributes":{},"runtimeParameterData":{"@type":"mtTaskRuntimeParameterData","isConnectionRuntimeParameter":false,"isObjectRuntimeParameter":false,"connectionParameterName":"p_src_conn","objectParameterName":"p_src_object"},"overriddenFields":[]},{"@type":"mtTaskParameter","id":2470004,"name":"$tgt$","type":"TARGET","label":"Target (p_tgt_conn)","description":"Select the target connection or create a new connection.\\n\\nThe target connection can be the same as the source connection.","uiProperties":{"connectionParameterized":"true","logcnx":"p_tgt_conn","objlabel":"Target","objectParameterized":"true","objDesc":"Select the object that you want to load data to. Click Create Target to create the target object the first time the Mapping task runs.\\n\\nIf the target is a relational target, the Mapping task inserts data into the target table the first time it runs. For subsequent runs, you have the following options:\\n1. Keep previously loaded data in the target (default). Select the Insert operation, and disable the Truncate Table option.\\n2. Keep only the current data. Select the Insert operation, and enable the Truncate Table option.\\n3. Fully reload the target. Select the Insert operation, enable the Truncate Table option, and reset in-out parameter v_max_value to 1.\\n\\nIf the target is a file target, the Mapping task re-creates the file each time it runs.","defaultTargetUpdateColumns":""},"targetConnectionId":"@0UR3hbV2pI2eBgoe2BRvgR","targetObject":"STAGING_INCREMENTAL/T4_POSTGRES/CITUS_CARRIER_INVOICE_INVOICE_HEADERS","targetObjectLabel":"CITUS_CARRIER_INVOICE_INVOICE_HEADERS","newFlatFile":false,"newObject":false,"showBusinessNames":true,"naturalOrder":true,"truncateTarget":false,"bulkApiDBTarget":false,"operationType":"Upsert","customFuncCfg":{"@type":"customFuncConfig","id":-1,"connections":[],"inputMap":[],"outputFields":[]},"tgtFieldRefs":{},"targetUpdateColumns":["id"],"extendedObject":{"@type":"extendedObject","filters":[],"sortFields":[]},"runtimeAttrs":{"Truncate Target Table":"NO","UpdateMode":"Update Else Insert"},"isRESTModernSource":true,"isFileList":false,"handleSpecialChars":false,"frsAsset":false,"dynamicFileName":false,"currentlyProcessedFileName":false,"tgtObjectAttributes":{},"runtimeParameterData":{"@type":"mtTaskRuntimeParameterData","isConnectionRuntimeParameter":false,"isObjectRuntimeParameter":false,"connectionParameterName":"p_tgt_conn","objectParameterName":"p_tgt_object"},"overriddenFields":[]},{"@type":"mtTaskParameter","id":2470005,"name":"$p_cdc_field$","type":"STRING","text":"id","label":"Source Sequence Field (p_cdc_field)","description":"Select the sequence field from the relational source.","uiProperties":{"paramtype":"Field","leftfs":"domain","partialParamDomain":"$src$"},"newFlatFile":false,"newObject":false,"showBusinessNames":true,"naturalOrder":true,"truncateTarget":false,"bulkApiDBTarget":false,"customFuncCfg":{"@type":"customFuncConfig","id":-1,"connections":[],"inputMap":[],"outputFields":[]},"tgtFieldRefs":{},"targetUpdateColumns":[],"runtimeAttrs":{},"isRESTModernSource":true,"isFileList":false,"handleSpecialChars":false,"frsAsset":false,"dynamicFileName":false,"currentlyProcessedFileName":false,"tgtObjectAttributes":{},"runtimeParameterData":{"@type":"mtTaskRuntimeParameterData","isConnectionRuntimeParameter":false,"isObjectRuntimeParameter":false},"overriddenFields":[]},{"@type":"mtTaskParameter","id":2470006,"name":"$p_exp_fields$","type":"STRING","text":"","label":"Optional Expression Fields (p_exp_fields)","description":"Optionally, create expressions that add fields to the target. For example, you might want to add a system timestamp field to each replicated record in the target. \\n\\nUse the built-in functions to create one or more expressions.\\n\\nIf you do not want to add additional fields, do not enter expressions here.","uiProperties":{"paramtype":"ExpressionEditor","caption":"Expressions","required":"false","templateData":"$p_exp_fields$","default":"$p_exp_fields$"},"newFlatFile":false,"newObject":false,"showBusinessNames":true,"naturalOrder":true,"truncateTarget":false,"bulkApiDBTarget":false,"customFuncCfg":{"@type":"customFuncConfig","id":-1,"connections":[],"inputMap":[],"outputFields":[]},"tgtFieldRefs":{},"targetUpdateColumns":[],"runtimeAttrs":{},"isRESTModernSource":true,"isFileList":false,"handleSpecialChars":false,"frsAsset":false,"dynamicFileName":false,"currentlyProcessedFileName":false,"tgtObjectAttributes":{},"runtimeParameterData":{"@type":"mtTaskRuntimeParameterData","isConnectionRuntimeParameter":false,"isObjectRuntimeParameter":false},"overriddenFields":[]}],"sequences":[],"inOutParameters":[{"@type":"mtTaskInOutParameter","id":"-1","name":"v_max_value","description":"The first value to be inserted is 1","initialValue":"4878700\n","datatype":"BIGINT","precision":"19","scale":"0","retentionPolicy":"ON_SUCCESS","aggregationType":"MAX","currentValue":"0"}],"connRuntimeAttrs":[]}]